region,year,month,NDVI,EVI,T2M_mean,PRECTOT_mm,SOLAR_RAD_MJ,yield_centners_per_ha
Krasnodar Krai,2010,1,0.215,0.178,-3.92,20.38,5.47,37.2
Krasnodar Krai,2010,2,0.205,0.145,-7.74,32.83,8.31,37.0
Krasnodar Krai,2010,3,0.222,0.169,0.85,32.75,8.13,37.34
Krasnodar Krai,2010,4,0.343,0.287,13.31,48.78,14.57,39.77
Krasnodar Krai,2010,5,0.488,0.378,15.92,57.65,18.7,42.66
Krasnodar Krai,2010,6,0.611,0.485,17.31,59.97,23.17,45.11
Krasnodar Krai,2010,7,0.712,0.544,22.18,70.09,26.19,47.13
Krasnodar Krai,2010,8,0.648,0.536,16.36,38.9,24.17,45.86
Krasnodar Krai,2010,9,0.487,0.363,12.26,30.61,19.47,42.64
Krasnodar Krai,2010,10,0.38,0.322,9.98,31.85,14.24,40.5
Krasnodar Krai,2010,11,0.249,0.169,4.53,22.39,9.86,37.88
Krasnodar Krai,2010,12,0.257,0.188,-0.85,22.58,6.45,38.05
Krasnodar Krai,2011,1,0.235,0.204,-2.95,24.97,9.37,40.7
Krasnodar Krai,2011,2,0.194,0.148,-2.64,20.98,8.53,39.9
Krasnodar Krai,2011,3,0.295,0.236,1.26,28.79,9.48,41.9
Krasnodar Krai,2011,4,0.385,0.303,7.34,49.32,15.61,43.7
Krasnodar Krai,2011,5,0.511,0.415,16.77,57.07,19.02,46.23
Krasnodar Krai,2011,6,0.661,0.524,17.64,66.37,23.11,49.24
Krasnodar Krai,2011,7,0.62,0.503,19.21,54.75,25.45,48.42
Krasnodar Krai,2011,8,0.636,0.513,14.33,42.1,24.8,48.73
Krasnodar Krai,2011,9,0.503,0.369,11.88,31.3,19.43,46.06
Krasnodar Krai,2011,10,0.349,0.266,8.2,30.46,14.19,43.0
Krasnodar Krai,2011,11,0.25,0.192,3.01,23.25,11.04,41.02
Krasnodar Krai,2011,12,0.187,0.134,-0.97,17.08,8.87,39.76
Krasnodar Krai,2012,1,0.247,0.18,-5.79,20.82,6.92,45.4
Krasnodar Krai,2012,2,0.273,0.236,-2.5,26.25,8.14,45.92
Krasnodar Krai,2012,3,0.231,0.196,0.5,39.37,10.11,45.07
Krasnodar Krai,2012,4,0.351,0.263,7.48,49.59,15.49,47.47
Krasnodar Krai,2012,5,0.519,0.443,19.1,54.57,19.12,50.83
Krasnodar Krai,2012,6,0.598,0.502,20.98,55.66,24.02,52.41
Krasnodar Krai,2012,7,0.737,0.594,21.69,57.07,23.78,55.18
Krasnodar Krai,2012,8,0.673,0.565,19.85,42.04,22.65,53.91
Krasnodar Krai,2012,9,0.469,0.391,16.56,38.39,20.27,49.84
Krasnodar Krai,2012,10,0.336,0.272,5.46,24.22,15.33,47.18
Krasnodar Krai,2012,11,0.26,0.233,3.41,36.96,10.37,45.66
Krasnodar Krai,2012,12,0.18,0.143,-4.45,25.98,7.53,44.05
Krasnodar Krai,2013,1,0.202,0.176,-6.84,27.17,7.04,39.86
Krasnodar Krai,2013,2,0.212,0.151,-3.55,31.63,7.58,40.06
Krasnodar Krai,2013,3,0.287,0.265,2.8,32.22,11.33,41.56
Krasnodar Krai,2013,4,0.364,0.309,10.33,42.02,15.83,43.1
Krasnodar Krai,2013,5,0.53,0.412,14.63,57.48,19.35,46.43
Krasnodar Krai,2013,6,0.667,0.563,18.39,66.65,24.39,49.17
Krasnodar Krai,2013,7,0.707,0.569,17.69,48.69,25.17,49.96
Krasnodar Krai,2013,8,0.616,0.492,17.31,37.87,23.76,48.14
Krasnodar Krai,2013,9,0.491,0.394,12.24,34.59,20.89,45.64
Krasnodar Krai,2013,10,0.366,0.304,5.65,40.02,16.29,43.15
Krasnodar Krai,2013,11,0.309,0.263,2.36,25.49,11.32,42.0
Krasnodar Krai,2013,12,0.203,0.154,-5.86,17.23,9.15,39.89
Krasnodar Krai,2014,1,0.196,0.163,-9.16,28.01,7.26,39.15
Krasnodar Krai,2014,2,0.233,0.22,-5.17,37.29,6.76,39.9
Krasnodar Krai,2014,3,0.229,0.179,6.08,36.17,9.34,39.82
Krasnodar Krai,2014,4,0.323,0.257,4.21,40.31,15.99,41.7
Krasnodar Krai,2014,5,0.543,0.432,13.09,56.49,21.68,46.09
Krasnodar Krai,2014,6,0.653,0.541,17.97,60.3,24.05,48.3
Krasnodar Krai,2014,7,0.704,0.525,22.56,53.12,27.11,49.31
Krasnodar Krai,2014,8,0.662,0.531,19.26,46.27,22.91,48.47
Krasnodar Krai,2014,9,0.509,0.425,13.09,33.15,18.98,45.42
Krasnodar Krai,2014,10,0.391,0.342,8.92,30.98,13.82,43.05
Krasnodar Krai,2014,11,0.294,0.246,0.91,14.35,9.05,41.11
Krasnodar Krai,2014,12,0.202,0.185,0.59,18.9,7.08,39.27
Krasnodar Krai,2015,1,0.206,0.183,-6.99,28.03,5.76,41.14
Krasnodar Krai,2015,2,0.248,0.193,-3.75,37.64,8.56,41.97
Krasnodar Krai,2015,3,0.214,0.162,4.74,30.28,11.04,41.3
Krasnodar Krai,2015,4,0.382,0.292,8.18,36.36,16.22,44.67
Krasnodar Krai,2015,5,0.494,0.411,15.25,62.98,18.9,46.9
Krasnodar Krai,2015,6,0.647,0.529,20.12,65.77,22.92,49.97
Krasnodar Krai,2015,7,0.68,0.571,15.93,64.04,24.7,50.62
Krasnodar Krai,2015,8,0.641,0.499,18.28,53.17,24.17,49.84
Krasnodar Krai,2015,9,0.518,0.416,11.13,32.04,18.99,47.38
Krasnodar Krai,2015,10,0.376,0.302,10.16,30.44,14.5,44.54
Krasnodar Krai,2015,11,0.336,0.277,1.47,32.58,11.47,43.74
Krasnodar Krai,2015,12,0.276,0.219,-0.57,13.83,8.27,42.55
Krasnodar Krai,2016,1,0.165,0.153,-9.56,13.72,6.36,39.06
Krasnodar Krai,2016,2,0.239,0.211,-1.04,35.46,8.19,40.55
Krasnodar Krai,2016,3,0.264,0.209,1.77,37.74,9.17,41.04
Krasnodar Krai,2016,4,0.373,0.296,8.75,48.21,12.0,43.21
Krasnodar Krai,2016,5,0.476,0.379,13.91,57.49,19.63,45.29
Krasnodar Krai,2016,6,0.687,0.556,17.75,52.0,22.03,49.5
Krasnodar Krai,2016,7,0.716,0.594,23.08,52.05,24.7,50.08
Krasnodar Krai,2016,8,0.649,0.56,18.61,54.57,23.57,48.73
Krasnodar Krai,2016,9,0.538,0.451,14.35,31.16,19.06,46.52
Krasnodar Krai,2016,10,0.407,0.343,7.33,26.36,12.72,43.9
Krasnodar Krai,2016,11,0.311,0.267,2.06,24.28,8.1,41.98
Krasnodar Krai,2016,12,0.207,0.193,-0.56,22.75,7.48,39.91
Krasnodar Krai,2017,1,0.197,0.124,-5.95,25.3,7.12,42.57
Krasnodar Krai,2017,2,0.179,0.141,-2.67,22.57,7.98,42.2
Krasnodar Krai,2017,3,0.29,0.226,6.44,34.67,9.83,44.43
Krasnodar Krai,2017,4,0.348,0.262,7.08,39.64,14.26,45.59
Krasnodar Krai,2017,5,0.505,0.358,13.82,56.4,19.85,48.73
Krasnodar Krai,2017,6,0.677,0.559,17.14,56.32,23.98,52.17
Krasnodar Krai,2017,7,0.684,0.522,24.75,54.64,24.37,52.3
Krasnodar Krai,2017,8,0.575,0.477,16.4,46.96,24.37,50.14
Krasnodar Krai,2017,9,0.474,0.381,17.07,23.98,18.52,48.11
Krasnodar Krai,2017,10,0.335,0.264,8.1,22.77,13.79,45.33
Krasnodar Krai,2017,11,0.244,0.189,2.77,27.84,11.33,43.51
Krasnodar Krai,2017,12,0.242,0.176,-2.53,32.96,8.5,43.46
Krasnodar Krai,2018,1,0.253,0.195,-7.28,30.26,4.69,39.98
Krasnodar Krai,2018,2,0.165,0.15,-2.46,28.71,7.13,38.21
Krasnodar Krai,2018,3,0.261,0.199,1.08,34.35,9.86,40.12
Krasnodar Krai,2018,4,0.337,0.259,3.19,50.24,14.84,41.66
Krasnodar Krai,2018,5,0.501,0.405,14.57,52.57,18.8,44.93
Krasnodar Krai,2018,6,0.657,0.53,22.47,68.1,24.33,48.06
Krasnodar Krai,2018,7,0.677,0.53,18.0,57.59,22.26,48.46
Krasnodar Krai,2018,8,0.627,0.496,15.33,50.8,22.26,47.46
Krasnodar Krai,2018,9,0.511,0.465,10.8,35.52,18.92,45.14
Krasnodar Krai,2018,10,0.344,0.291,10.41,31.93,13.72,41.8
Krasnodar Krai,2018,11,0.341,0.237,0.27,24.13,10.36,41.73
Krasnodar Krai,2018,12,0.237,0.221,-2.76,21.66,6.9,39.65
Krasnodar Krai,2019,1,0.196,0.15,-4.85,28.46,3.79,41.92
Krasnodar Krai,2019,2,0.233,0.181,-0.62,26.83,8.79,42.66
Krasnodar Krai,2019,3,0.247,0.153,4.44,32.05,8.69,42.95
Krasnodar Krai,2019,4,0.363,0.285,9.84,51.27,14.54,45.26
Krasnodar Krai,2019,5,0.477,0.387,14.35,59.04,18.46,47.54
Krasnodar Krai,2019,6,0.629,0.514,20.87,64.83,23.48,50.59
Krasnodar Krai,2019,7,0.685,0.556,17.82,52.11,26.51,51.71
Krasnodar Krai,2019,8,0.653,0.516,20.04,53.25,22.96,51.07
Krasnodar Krai,2019,9,0.49,0.381,15.95,41.13,20.72,47.81
Krasnodar Krai,2019,10,0.393,0.281,8.76,22.78,13.93,45.85
Krasnodar Krai,2019,11,0.273,0.235,0.55,11.66,10.45,43.46
Krasnodar Krai,2019,12,0.301,0.237,-2.43,30.0,8.08,44.03
Krasnodar Krai,2020,1,0.219,0.18,-8.22,16.58,7.88,41.26
Krasnodar Krai,2020,2,0.227,0.184,-2.7,31.98,10.03,41.44
Krasnodar Krai,2020,3,0.283,0.215,2.07,41.62,9.69,42.55
Krasnodar Krai,2020,4,0.388,0.264,7.74,49.95,15.72,44.64
Krasnodar Krai,2020,5,0.479,0.353,13.5,50.57,19.18,46.46
Krasnodar Krai,2020,6,0.641,0.486,19.99,59.21,24.48,49.71
Krasnodar Krai,2020,7,0.645,0.495,21.03,52.2,24.84,49.78
Krasnodar Krai,2020,8,0.641,0.516,17.02,47.56,22.62,49.71
Krasnodar Krai,2020,9,0.523,0.416,14.33,49.11,18.22,47.36
Krasnodar Krai,2020,10,0.404,0.27,4.04,21.87,13.27,44.97
Krasnodar Krai,2020,11,0.274,0.225,1.82,22.53,10.8,42.36
Krasnodar Krai,2020,12,0.247,0.171,-3.24,20.74,7.98,41.83
Krasnodar Krai,2021,1,0.203,0.163,-7.35,19.64,6.09,37.98
Krasnodar Krai,2021,2,0.218,0.184,-4.63,26.32,7.26,38.28
Krasnodar Krai,2021,3,0.292,0.215,2.8,37.53,11.92,39.76
Krasnodar Krai,2021,4,0.332,0.253,6.32,38.46,16.21,40.56
Krasnodar Krai,2021,5,0.466,0.356,16.65,47.43,20.09,43.24
Krasnodar Krai,2021,6,0.599,0.504,14.04,51.23,22.86,45.9
Krasnodar Krai,2021,7,0.729,0.583,19.33,62.92,27.16,48.5
Krasnodar Krai,2021,8,0.661,0.517,17.54,40.37,23.5,47.15
Krasnodar Krai,2021,9,0.454,0.375,18.03,39.85,18.86,43.01
Krasnodar Krai,2021,10,0.378,0.335,11.34,23.06,14.96,41.48
Krasnodar Krai,2021,11,0.263,0.226,3.1,11.43,9.92,39.18
Krasnodar Krai,2021,12,0.228,0.154,-1.36,13.47,6.69,38.48
Krasnodar Krai,2022,1,0.179,0.155,-9.45,33.69,5.69,43.84
Krasnodar Krai,2022,2,0.225,0.183,-1.3,20.48,7.48,44.76
Krasnodar Krai,2022,3,0.248,0.165,4.31,34.5,10.51,45.22
Krasnodar Krai,2022,4,0.368,0.287,12.15,46.58,12.89,47.61
Krasnodar Krai,2022,5,0.491,0.403,15.09,50.75,20.26,50.09
Krasnodar Krai,2022,6,0.588,0.494,15.74,58.87,24.47,52.03
Krasnodar Krai,2022,7,0.704,0.579,21.24,62.62,26.06,54.33
Krasnodar Krai,2022,8,0.628,0.515,15.33,46.52,24.22,52.81
Krasnodar Krai,2022,9,0.507,0.415,13.6,41.91,19.25,50.41
Krasnodar Krai,2022,10,0.348,0.296,5.39,30.58,13.4,47.23
Krasnodar Krai,2022,11,0.306,0.24,2.6,25.35,8.34,46.38
Krasnodar Krai,2022,12,0.202,0.183,-0.78,22.51,6.14,44.31
Krasnodar Krai,2023,1,0.227,0.183,-3.49,19.87,5.49,42.53
Krasnodar Krai,2023,2,0.147,0.136,-1.89,19.67,5.73,40.94
Krasnodar Krai,2023,3,0.241,0.209,1.73,32.24,9.27,42.82
Krasnodar Krai,2023,4,0.331,0.226,5.78,41.46,15.13,44.61
Krasnodar Krai,2023,5,0.498,0.382,18.64,52.87,20.5,47.96
Krasnodar Krai,2023,6,0.69,0.521,18.53,57.41,22.8,51.79
Krasnodar Krai,2023,7,0.717,0.561,19.01,55.35,24.63,52.33
Krasnodar Krai,2023,8,0.606,0.501,20.48,48.53,23.02,50.11
Krasnodar Krai,2023,9,0.482,0.372,18.74,40.95,18.49,47.63
Krasnodar Krai,2023,10,0.367,0.287,9.36,30.79,15.53,45.34
Krasnodar Krai,2023,11,0.242,0.196,-1.16,17.0,11.16,42.84
Krasnodar Krai,2023,12,0.193,0.138,-2.54,24.57,6.43,41.86
Rostov Oblast,2010,1,0.241,0.244,-7.0,20.84,7.04,32.06
Rostov Oblast,2010,2,0.242,0.231,-1.35,26.28,8.08,32.08
Rostov Oblast,2010,3,0.301,0.257,3.35,41.6,11.44,33.25
Rostov Oblast,2010,4,0.404,0.336,7.86,47.55,15.65,35.31
Rostov Oblast,2010,5,0.479,0.39,13.24,56.34,20.61,36.81
Rostov Oblast,2010,6,0.647,0.519,15.66,63.73,24.05,40.17
Rostov Oblast,2010,7,0.765,0.606,20.44,57.44,26.58,42.53
Rostov Oblast,2010,8,0.638,0.516,19.59,47.75,22.95,40.0
Rostov Oblast,2010,9,0.509,0.429,11.97,36.93,18.63,37.42
Rostov Oblast,2010,10,0.398,0.288,7.08,29.96,16.01,35.2
Rostov Oblast,2010,11,0.266,0.201,6.1,16.04,8.07,32.55
Rostov Oblast,2010,12,0.235,0.178,-4.56,24.63,7.73,31.94
Rostov Oblast,2011,1,0.167,0.151,-4.64,22.79,7.84,28.93
Rostov Oblast,2011,2,0.19,0.121,-3.9,27.85,7.73,29.39
Rostov Oblast,2011,3,0.26,0.215,-0.17,43.48,10.19,30.8
Rostov Oblast,2011,4,0.396,0.324,9.11,49.66,14.9,33.51
Rostov Oblast,2011,5,0.523,0.445,14.42,59.74,19.24,36.04
Rostov Oblast,2011,6,0.684,0.534,21.98,59.8,21.97,39.28
Rostov Oblast,2011,7,0.704,0.549,21.68,52.93,24.55,39.67
Rostov Oblast,2011,8,0.585,0.459,13.53,38.89,24.16,37.28
Rostov Oblast,2011,9,0.527,0.43,12.09,36.02,19.33,36.13
Rostov Oblast,2011,10,0.328,0.292,9.95,26.97,14.47,32.14
Rostov Oblast,2011,11,0.274,0.178,1.84,19.87,9.27,31.07
Rostov Oblast,2011,12,0.214,0.207,-1.24,18.24,8.06,29.86
Rostov Oblast,2012,1,0.233,0.188,-7.23,26.77,6.39,36.15
Rostov Oblast,2012,2,0.249,0.212,-0.42,25.4,8.81,36.46
Rostov Oblast,2012,3,0.274,0.26,0.95,44.94,10.47,36.95
Rostov Oblast,2012,4,0.343,0.265,7.56,48.93,14.97,38.34
Rostov Oblast,2012,5,0.486,0.388,18.31,64.83,19.77,41.2
Rostov Oblast,2012,6,0.642,0.516,19.61,54.89,23.14,44.33
Rostov Oblast,2012,7,0.65,0.528,21.29,53.78,26.57,44.48
Rostov Oblast,2012,8,0.604,0.454,18.83,52.05,25.08,43.57
Rostov Oblast,2012,9,0.489,0.413,13.95,35.4,20.21,41.27
Rostov Oblast,2012,10,0.382,0.274,11.15,34.98,13.82,39.12
Rostov Oblast,2012,11,0.28,0.234,2.85,20.53,9.6,37.07
Rostov Oblast,2012,12,0.221,0.2,-1.43,19.24,8.26,35.91
Rostov Oblast,2013,1,0.24,0.157,-6.66,17.69,4.7,23.54
Rostov Oblast,2013,2,0.257,0.196,-1.83,27.84,7.97,23.87
Rostov Oblast,2013,3,0.27,0.19,4.33,33.79,8.72,24.14
Rostov Oblast,2013,4,0.349,0.31,9.9,45.07,14.1,25.73
Rostov Oblast,2013,5,0.494,0.436,14.79,58.34,20.36,28.61
Rostov Oblast,2013,6,0.648,0.514,17.99,59.64,23.36,31.71
Rostov Oblast,2013,7,0.722,0.579,21.47,55.79,25.08,33.17
Rostov Oblast,2013,8,0.581,0.483,19.07,51.8,20.5,30.36
Rostov Oblast,2013,9,0.566,0.45,16.24,31.06,19.94,30.06
Rostov Oblast,2013,10,0.331,0.252,12.02,27.12,14.66,25.35
Rostov Oblast,2013,11,0.294,0.245,2.63,25.11,12.68,24.61
Rostov Oblast,2013,12,0.22,0.18,-0.42,26.62,8.68,23.14
Rostov Oblast,2014,1,0.171,0.17,-8.23,24.8,5.24,32.63
Rostov Oblast,2014,2,0.22,0.183,-1.88,30.19,9.1,33.6
Rostov Oblast,2014,3,0.281,0.22,4.26,42.21,9.04,34.83
Rostov Oblast,2014,4,0.38,0.318,7.6,53.69,14.3,36.81
Rostov Oblast,2014,5,0.507,0.402,14.05,50.71,17.89,39.34
Rostov Oblast,2014,6,0.689,0.534,16.4,49.23,22.76,42.98
Rostov Oblast,2014,7,0.66,0.561,22.02,52.75,27.25,42.41
Rostov Oblast,2014,8,0.671,0.53,13.38,58.27,22.01,42.61
Rostov Oblast,2014,9,0.454,0.384,18.9,43.18,19.89,38.28
Rostov Oblast,2014,10,0.38,0.321,9.71,29.48,14.55,36.8
Rostov Oblast,2014,11,0.266,0.198,1.77,14.82,10.17,34.52
Rostov Oblast,2014,12,0.192,0.132,-2.16,28.05,8.41,33.05
Rostov Oblast,2015,1,0.176,0.16,-7.9,22.16,6.55,26.09
Rostov Oblast,2015,2,0.193,0.156,-5.19,25.07,7.81,26.43
Rostov Oblast,2015,3,0.22,0.185,2.29,39.03,10.5,26.97
Rostov Oblast,2015,4,0.403,0.325,7.34,47.42,14.99,30.64
Rostov Oblast,2015,5,0.505,0.405,12.62,52.88,17.93,32.67
Rostov Oblast,2015,6,0.694,0.53,16.99,56.41,24.3,36.45
Rostov Oblast,2015,7,0.691,0.578,18.65,57.59,24.16,36.4
Rostov Oblast,2015,8,0.706,0.541,19.0,49.98,23.81,36.68
Rostov Oblast,2015,9,0.498,0.396,14.11,35.53,20.29,32.53
Rostov Oblast,2015,10,0.429,0.332,5.46,27.63,17.03,31.15
Rostov Oblast,2015,11,0.244,0.228,5.69,20.52,10.84,27.44
Rostov Oblast,2015,12,0.271,0.209,-2.93,18.18,6.48,27.99
Rostov Oblast,2016,1,0.169,0.136,-7.48,24.45,4.44,28.71
Rostov Oblast,2016,2,0.232,0.202,-6.51,29.95,8.72,29.97
Rostov Oblast,2016,3,0.231,0.219,3.17,32.74,10.22,29.96
Rostov Oblast,2016,4,0.379,0.305,9.27,42.21,14.62,32.92
Rostov Oblast,2016,5,0.461,0.366,12.21,52.52,20.57,34.55
Rostov Oblast,2016,6,0.674,0.551,16.19,58.42,24.61,38.82
Rostov Oblast,2016,7,0.704,0.61,20.79,57.15,24.69,39.42
Rostov Oblast,2016,8,0.645,0.513,19.8,51.6,22.61,38.24
Rostov Oblast,2016,9,0.463,0.334,15.04,30.75,17.18,34.6
Rostov Oblast,2016,10,0.374,0.349,8.18,32.27,14.53,32.82
Rostov Oblast,2016,11,0.265,0.23,1.75,24.62,10.59,30.63
Rostov Oblast,2016,12,0.202,0.181,-2.87,17.31,8.03,29.37
Rostov Oblast,2017,1,0.206,0.165,-3.77,25.66,5.97,28.72
Rostov Oblast,2017,2,0.247,0.225,-1.4,28.13,6.18,29.52
Rostov Oblast,2017,3,0.236,0.182,1.11,35.33,10.33,29.3
Rostov Oblast,2017,4,0.378,0.301,9.17,47.14,12.47,32.15
Rostov Oblast,2017,5,0.475,0.377,11.6,59.19,20.86,34.09
Rostov Oblast,2017,6,0.678,0.538,21.36,60.74,23.06,38.14
Rostov Oblast,2017,7,0.682,0.539,19.22,57.05,25.16,38.22
Rostov Oblast,2017,8,0.641,0.522,20.76,51.56,21.92,37.42
Rostov Oblast,2017,9,0.427,0.36,11.29,35.14,18.16,33.12
Rostov Oblast,2017,10,0.308,0.257,9.71,25.19,11.86,30.75
Rostov Oblast,2017,11,0.251,0.209,-0.62,24.2,10.26,29.61
Rostov Oblast,2017,12,0.239,0.194,-4.47,27.08,7.33,29.38
Rostov Oblast,2018,1,0.178,0.133,-7.71,22.42,7.71,30.75
Rostov Oblast,2018,2,0.181,0.112,0.42,27.03,6.82,30.82
Rostov Oblast,2018,3,0.299,0.227,5.99,39.65,9.78,33.18
Rostov Oblast,2018,4,0.427,0.33,9.68,48.31,15.75,35.74
Rostov Oblast,2018,5,0.55,0.441,12.52,58.49,18.65,38.2
Rostov Oblast,2018,6,0.702,0.564,17.65,60.92,22.05,41.24
Rostov Oblast,2018,7,0.671,0.561,18.69,50.96,25.54,40.62
Rostov Oblast,2018,8,0.677,0.556,20.37,43.03,21.98,40.74
Rostov Oblast,2018,9,0.548,0.432,13.52,42.9,19.89,38.17
Rostov Oblast,2018,10,0.376,0.344,6.91,32.72,14.5,34.72
Rostov Oblast,2018,11,0.276,0.251,3.35,25.97,11.34,32.72
Rostov Oblast,2018,12,0.211,0.152,-4.61,11.26,9.55,31.42
Rostov Oblast,2019,1,0.199,0.154,-5.33,27.36,6.86,27.95
Rostov Oblast,2019,2,0.204,0.16,-1.95,26.83,9.1,28.06
Rostov Oblast,2019,3,0.282,0.241,3.66,42.13,10.45,29.62
Rostov Oblast,2019,4,0.323,0.267,6.89,44.17,15.03,30.44
Rostov Oblast,2019,5,0.54,0.433,14.64,64.7,19.57,34.78
Rostov Oblast,2019,6,0.719,0.587,14.86,63.77,23.78,38.36
Rostov Oblast,2019,7,0.739,0.604,19.72,50.07,24.79,38.75
Rostov Oblast,2019,8,0.616,0.481,19.56,55.16,23.8,36.29
Rostov Oblast,2019,9,0.467,0.383,16.42,33.21,19.2,33.32
Rostov Oblast,2019,10,0.363,0.275,9.49,27.47,14.87,31.23
Rostov Oblast,2019,11,0.241,0.184,3.78,21.42,12.0,28.8
Rostov Oblast,2019,12,0.21,0.172,-0.65,14.0,5.73,28.17
Rostov Oblast,2020,1,0.243,0.184,-0.82,20.46,6.18,27.58
Rostov Oblast,2020,2,0.268,0.255,1.6,34.12,8.51,28.07
Rostov Oblast,2020,3,0.285,0.244,1.23,32.17,10.27,28.42
Rostov Oblast,2020,4,0.357,0.277,9.59,51.59,14.54,29.85
Rostov Oblast,2020,5,0.548,0.415,13.63,52.61,17.46,33.66
Rostov Oblast,2020,6,0.639,0.509,21.41,63.15,22.38,35.48
Rostov Oblast,2020,7,0.756,0.629,21.16,55.06,24.04,37.82
Rostov Oblast,2020,8,0.63,0.526,22.15,54.53,22.91,35.31
Rostov Oblast,2020,9,0.47,0.379,10.49,37.88,19.18,32.1
Rostov Oblast,2020,10,0.348,0.247,9.22,25.41,13.28,29.67
Rostov Oblast,2020,11,0.181,0.145,5.88,31.59,9.81,26.34
Rostov Oblast,2020,12,0.204,0.172,-4.52,22.6,8.26,26.78
Rostov Oblast,2021,1,0.203,0.158,-7.7,19.15,5.77,35.02
Rostov Oblast,2021,2,0.233,0.205,-4.13,35.54,7.22,35.62
Rostov Oblast,2021,3,0.267,0.199,-2.52,40.68,11.01,36.31
Rostov Oblast,2021,4,0.354,0.284,9.23,39.0,13.92,38.04
Rostov Oblast,2021,5,0.527,0.397,14.61,49.41,19.8,41.51
Rostov Oblast,2021,6,0.64,0.48,20.71,56.33,22.59,43.77
Rostov Oblast,2021,7,0.706,0.588,17.97,56.5,25.43,45.09
Rostov Oblast,2021,8,0.662,0.533,17.64,42.67,23.49,44.21
Rostov Oblast,2021,9,0.471,0.318,14.9,40.78,16.97,40.39
Rostov Oblast,2021,10,0.332,0.278,12.31,28.18,13.72,37.61
Rostov Oblast,2021,11,0.262,0.237,1.04,19.29,9.79,36.21
Rostov Oblast,2021,12,0.193,0.157,0.73,22.71,7.24,34.83
Rostov Oblast,2022,1,0.159,0.145,-6.1,22.38,9.19,29.58
Rostov Oblast,2022,2,0.231,0.17,-3.37,33.82,7.6,31.03
Rostov Oblast,2022,3,0.225,0.198,1.0,45.63,11.35,30.9
Rostov Oblast,2022,4,0.349,0.305,8.33,51.08,14.93,33.39
Rostov Oblast,2022,5,0.478,0.369,16.08,54.52,18.93,35.97
Rostov Oblast,2022,6,0.613,0.499,22.5,54.66,23.43,38.66
Rostov Oblast,2022,7,0.742,0.592,20.9,50.88,25.43,41.26
Rostov Oblast,2022,8,0.636,0.528,20.75,59.76,23.98,39.12
Rostov Oblast,2022,9,0.513,0.414,13.32,37.96,19.04,36.67
Rostov Oblast,2022,10,0.367,0.32,6.18,33.78,15.76,33.76
Rostov Oblast,2022,11,0.264,0.169,1.12,29.77,10.25,31.69
Rostov Oblast,2022,12,0.192,0.143,-0.84,23.83,7.25,30.25
Rostov Oblast,2023,1,0.194,0.137,-2.71,21.67,7.21,30.06
Rostov Oblast,2023,2,0.268,0.234,-3.38,30.09,7.47,31.54
Rostov Oblast,2023,3,0.241,0.199,-0.02,42.2,9.81,30.99
Rostov Oblast,2023,4,0.368,0.3,7.68,49.75,13.97,33.55
Rostov Oblast,2023,5,0.529,0.397,14.27,65.89,18.33,36.77
Rostov Oblast,2023,6,0.621,0.507,18.74,61.75,23.89,38.6
Rostov Oblast,2023,7,0.719,0.597,20.82,54.99,25.67,40.56
Rostov Oblast,2023,8,0.698,0.556,16.43,52.35,23.28,40.15
Rostov Oblast,2023,9,0.438,0.367,12.95,35.81,19.66,34.95
Rostov Oblast,2023,10,0.368,0.309,7.32,30.64,14.19,33.54
Rostov Oblast,2023,11,0.29,0.244,0.46,28.71,9.74,31.98
Rostov Oblast,2023,12,0.246,0.204,1.16,19.98,7.14,31.11
Stavropol Krai,2010,1,0.197,0.125,-4.38,28.53,5.13,23.65
Stavropol Krai,2010,2,0.235,0.206,-0.71,29.15,8.22,24.41
Stavropol Krai,2010,3,0.248,0.2,1.4,32.59,10.31,24.68
Stavropol Krai,2010,4,0.373,0.321,8.73,50.02,15.1,27.17
Stavropol Krai,2010,5,0.584,0.431,12.65,63.56,18.98,31.39
Stavropol Krai,2010,6,0.668,0.539,22.59,54.43,24.62,33.07
Stavropol Krai,2010,7,0.752,0.582,21.57,51.37,25.03,34.77
Stavropol Krai,2010,8,0.634,0.459,19.23,47.53,24.88,32.39
Stavropol Krai,2010,9,0.522,0.463,14.24,35.74,19.15,30.15
Stavropol Krai,2010,10,0.349,0.235,7.76,17.74,14.9,26.7
Stavropol Krai,2010,11,0.23,0.166,0.99,22.26,10.28,24.33
Stavropol Krai,2010,12,0.255,0.192,-1.56,34.75,7.87,24.81
Stavropol Krai,2011,1,0.182,0.142,-7.71,24.63,6.1,28.47
Stavropol Krai,2011,2,0.157,0.125,-0.37,26.08,6.84,27.97
Stavropol Krai,2011,3,0.226,0.144,4.0,35.36,11.04,29.36
Stavropol Krai,2011,4,0.408,0.345,7.11,47.54,13.83,33.0
Stavropol Krai,2011,5,0.482,0.392,12.36,45.15,18.44,34.47
Stavropol Krai,2011,6,0.632,0.536,17.4,62.56,23.23,37.47
Stavropol Krai,2011,7,0.737,0.613,22.35,47.52,25.21,39.57
Stavropol Krai,2011,8,0.664,0.539,19.65,47.1,22.66,38.11
Stavropol Krai,2011,9,0.452,0.349,19.38,33.83,17.37,33.88
Stavropol Krai,2011,10,0.384,0.325,10.77,30.43,15.29,32.52
Stavropol Krai,2011,11,0.323,0.243,0.45,17.81,10.01,31.29
Stavropol Krai,2011,12,0.265,0.223,-1.54,12.0,6.8,30.13
Stavropol Krai,2012,1,0.241,0.224,-4.38,18.35,7.48,24.68
Stavropol Krai,2012,2,0.214,0.147,-4.45,25.93,7.54,24.15
Stavropol Krai,2012,3,0.263,0.182,4.76,35.51,9.56,25.12
Stavropol Krai,2012,4,0.396,0.293,4.94,53.18,16.34,27.78
Stavropol Krai,2012,5,0.489,0.391,11.73,56.22,18.85,29.65
Stavropol Krai,2012,6,0.638,0.519,16.18,58.19,21.6,32.63
Stavropol Krai,2012,7,0.689,0.55,20.46,57.39,25.9,33.65
Stavropol Krai,2012,8,0.595,0.446,19.44,36.62,23.58,31.77
Stavropol Krai,2012,9,0.468,0.406,14.52,35.17,20.56,29.22
Stavropol Krai,2012,10,0.33,0.247,5.67,23.75,14.51,26.47
Stavropol Krai,2012,11,0.282,0.245,-1.32,22.42,9.16,25.51
Stavropol Krai,2012,12,0.216,0.219,-1.94,25.59,9.45,24.18
Stavropol Krai,2013,1,0.192,0.128,-6.0,20.44,4.47,32.6
Stavropol Krai,2013,2,0.229,0.189,1.02,26.27,7.77,33.34
Stavropol Krai,2013,3,0.248,0.216,2.08,30.4,10.26,33.71
Stavropol Krai,2013,4,0.374,0.304,10.29,39.57,13.6,36.24
Stavropol Krai,2013,5,0.522,0.403,14.5,44.09,22.05,39.2
Stavropol Krai,2013,6,0.633,0.53,17.7,62.07,24.89,41.42
Stavropol Krai,2013,7,0.735,0.584,19.73,61.21,27.33,43.45
Stavropol Krai,2013,8,0.647,0.557,17.9,51.57,24.5,41.69
Stavropol Krai,2013,9,0.491,0.378,16.31,33.61,18.44,38.57
Stavropol Krai,2013,10,0.342,0.263,9.91,30.65,15.16,35.59
Stavropol Krai,2013,11,0.28,0.212,3.73,29.2,10.86,34.36
Stavropol Krai,2013,12,0.235,0.173,-2.1,16.99,7.47,33.46
Stavropol Krai,2014,1,0.157,0.121,-7.04,23.82,5.86,23.58
Stavropol Krai,2014,2,0.223,0.19,-3.45,26.98,8.95,24.91
Stavropol Krai,2014,3,0.268,0.211,2.5,35.46,9.56,25.81
Stavropol Krai,2014,4,0.332,0.251,9.94,43.66,14.29,27.1
Stavropol Krai,2014,5,0.524,0.414,15.29,48.49,19.2,30.94
Stavropol Krai,2014,6,0.644,0.515,15.07,66.02,22.55,33.32
Stavropol Krai,2014,7,0.71,0.568,22.01,67.13,23.71,34.65
Stavropol Krai,2014,8,0.622,0.501,16.17,50.72,24.24,32.89
Stavropol Krai,2014,9,0.52,0.421,16.76,30.48,19.4,30.85
Stavropol Krai,2014,10,0.34,0.29,4.53,27.94,14.78,27.25
Stavropol Krai,2014,11,0.239,0.179,2.36,28.06,9.24,25.24
Stavropol Krai,2014,12,0.196,0.179,-3.07,17.21,8.22,24.38
Stavropol Krai,2015,1,0.236,0.176,-6.26,28.01,5.77,28.64
Stavropol Krai,2015,2,0.245,0.194,1.44,35.92,6.16,28.8
Stavropol Krai,2015,3,0.283,0.21,2.72,36.6,9.22,29.57
Stavropol Krai,2015,4,0.394,0.319,7.63,44.62,14.59,31.79
Stavropol Krai,2015,5,0.516,0.41,8.36,56.28,17.89,34.22
Stavropol Krai,2015,6,0.635,0.48,15.55,66.18,23.08,36.61
Stavropol Krai,2015,7,0.688,0.56,19.26,66.71,24.73,37.67
Stavropol Krai,2015,8,0.652,0.541,21.58,43.1,22.98,36.95
Stavropol Krai,2015,9,0.542,0.449,16.17,29.42,20.88,34.74
Stavropol Krai,2015,10,0.339,0.275,7.9,23.68,13.03,30.7
Stavropol Krai,2015,11,0.215,0.175,-0.72,17.61,10.05,28.21
Stavropol Krai,2015,12,0.143,0.13,-7.34,20.71,7.51,26.76
Stavropol Krai,2016,1,0.204,0.204,-5.51,28.55,5.27,31.07
Stavropol Krai,2016,2,0.226,0.211,-2.99,29.04,8.47,31.5
Stavropol Krai,2016,3,0.245,0.153,2.84,41.21,8.92,31.89
Stavropol Krai,2016,4,0.382,0.319,3.65,42.13,14.05,34.63
Stavropol Krai,2016,5,0.498,0.383,12.43,64.55,19.22,36.94
Stavropol Krai,2016,6,0.62,0.495,19.45,60.26,23.2,39.39
Stavropol Krai,2016,7,0.68,0.531,18.8,57.89,24.01,40.6
Stavropol Krai,2016,8,0.653,0.551,19.03,44.96,22.1,40.05
Stavropol Krai,2016,9,0.551,0.417,15.72,39.46,19.09,38.0
Stavropol Krai,2016,10,0.354,0.247,8.86,31.18,13.36,34.08
Stavropol Krai,2016,11,0.263,0.211,3.5,23.3,8.65,32.25
Stavropol Krai,2016,12,0.206,0.169,-0.84,18.0,9.68,31.11
Stavropol Krai,2017,1,0.189,0.149,-6.34,17.12,6.44,23.46
Stavropol Krai,2017,2,0.233,0.187,-1.86,25.96,5.87,24.35
Stavropol Krai,2017,3,0.246,0.2,2.66,36.47,10.82,24.61
Stavropol Krai,2017,4,0.345,0.276,9.34,46.39,13.2,26.59
Stavropol Krai,2017,5,0.474,0.396,16.81,62.07,19.56,29.18
Stavropol Krai,2017,6,0.605,0.484,21.5,63.09,23.19,31.79
Stavropol Krai,2017,7,0.719,0.55,18.61,50.77,25.47,34.07
Stavropol Krai,2017,8,0.663,0.527,16.63,46.71,22.91,32.94
Stavropol Krai,2017,9,0.479,0.39,12.51,28.43,17.99,29.28
Stavropol Krai,2017,10,0.314,0.256,8.5,28.58,15.04,25.97
Stavropol Krai,2017,11,0.303,0.231,3.15,15.39,11.65,25.76
Stavropol Krai,2017,12,0.185,0.133,-3.71,13.46,7.52,23.38
Stavropol Krai,2018,1,0.2,0.129,-1.97,26.03,8.63,30.01
Stavropol Krai,2018,2,0.198,0.177,-0.96,26.62,8.9,29.97
Stavropol Krai,2018,3,0.256,0.197,-4.61,38.31,8.95,31.12
Stavropol Krai,2018,4,0.346,0.256,7.46,49.03,14.46,32.93
Stavropol Krai,2018,5,0.525,0.445,13.28,53.8,20.29,36.5
Stavropol Krai,2018,6,0.672,0.553,16.47,62.11,23.51,39.46
Stavropol Krai,2018,7,0.732,0.574,16.67,59.64,22.44,40.65
Stavropol Krai,2018,8,0.619,0.475,16.32,43.07,24.62,38.4
Stavropol Krai,2018,9,0.528,0.417,16.29,30.95,18.13,36.57
Stavropol Krai,2018,10,0.388,0.322,7.28,22.4,15.91,33.78
Stavropol Krai,2018,11,0.216,0.161,2.79,32.29,10.66,30.34
Stavropol Krai,2018,12,0.236,0.178,-1.38,21.62,5.9,30.74
Stavropol Krai,2019,1,0.235,0.204,-5.87,18.5,3.69,32.44
Stavropol Krai,2019,2,0.227,0.203,-0.53,32.16,7.42,32.28
Stavropol Krai,2019,3,0.3,0.259,1.49,39.65,9.74,33.76
Stavropol Krai,2019,4,0.379,0.277,5.75,52.1,15.38,35.32
Stavropol Krai,2019,5,0.522,0.42,9.24,55.82,19.78,38.2
Stavropol Krai,2019,6,0.625,0.486,21.27,59.7,23.86,40.26
Stavropol Krai,2019,7,0.723,0.559,20.39,62.79,26.82,42.22
Stavropol Krai,2019,8,0.642,0.509,18.92,48.03,24.79,40.6
Stavropol Krai,2019,9,0.473,0.373,11.79,31.2,19.71,37.22
Stavropol Krai,2019,10,0.387,0.296,9.74,33.63,16.38,35.48
Stavropol Krai,2019,11,0.27,0.203,0.33,17.77,11.52,33.15
Stavropol Krai,2019,12,0.177,0.166,-4.26,17.67,7.34,31.28
Stavropol Krai,2020,1,0.234,0.223,-7.25,21.12,5.83,27.93
Stavropol Krai,2020,2,0.238,0.187,0.26,33.81,6.3,28.03
Stavropol Krai,2020,3,0.283,0.257,1.34,34.79,9.74,28.93
Stavropol Krai,2020,4,0.347,0.244,5.54,47.2,15.96,30.2
Stavropol Krai,2020,5,0.485,0.375,17.43,50.65,17.67,32.96
Stavropol Krai,2020,6,0.616,0.48,14.88,59.36,24.35,35.59
Stavropol Krai,2020,7,0.661,0.531,20.79,55.78,25.19,36.49
Stavropol Krai,2020,8,0.647,0.501,21.38,53.05,24.59,36.2
Stavropol Krai,2020,9,0.534,0.395,15.87,39.54,17.79,33.93
Stavropol Krai,2020,10,0.356,0.29,11.52,31.7,13.58,30.38
Stavropol Krai,2020,11,0.319,0.256,1.82,21.65,8.65,29.63
Stavropol Krai,2020,12,0.219,0.185,-3.29,23.2,6.63,27.63
Stavropol Krai,2021,1,0.215,0.176,-9.15,21.09,7.67,29.25
Stavropol Krai,2021,2,0.207,0.166,-2.69,35.92,8.78,29.09
Stavropol Krai,2021,3,0.292,0.214,3.05,39.1,9.57,30.79
Stavropol Krai,2021,4,0.336,0.303,7.59,54.89,15.44,31.67
Stavropol Krai,2021,5,0.516,0.421,11.22,57.23,20.75,35.26
Stavropol Krai,2021,6,0.662,0.532,21.8,59.07,22.78,38.18
Stavropol Krai,2021,7,0.705,0.579,16.56,57.62,25.81,39.04
Stavropol Krai,2021,8,0.633,0.529,19.66,57.52,22.65,37.61
Stavropol Krai,2021,9,0.528,0.402,10.79,26.09,19.87,35.51
Stavropol Krai,2021,10,0.368,0.285,4.65,24.62,14.45,32.31
Stavropol Krai,2021,11,0.291,0.233,2.84,21.4,12.02,30.78
Stavropol Krai,2021,12,0.191,0.139,-3.5,23.81,6.45,28.78
Stavropol Krai,2022,1,0.211,0.155,-5.28,18.24,4.88,29.99
Stavropol Krai,2022,2,0.225,0.147,-6.81,30.74,8.54,30.28
Stavropol Krai,2022,3,0.254,0.19,4.34,30.54,8.91,30.85
Stavropol Krai,2022,4,0.384,0.307,10.33,36.11,13.05,33.45
Stavropol Krai,2022,5,0.504,0.411,15.72,57.07,19.5,35.85
Stavropol Krai,2022,6,0.63,0.535,16.17,61.8,22.41,38.37
Stavropol Krai,2022,7,0.716,0.552,21.49,56.75,26.74,40.1
Stavropol Krai,2022,8,0.633,0.515,16.82,45.37,23.51,38.44
Stavropol Krai,2022,9,0.457,0.338,15.22,35.53,18.74,34.93
Stavropol Krai,2022,10,0.34,0.258,8.42,30.3,12.36,32.58
Stavropol Krai,2022,11,0.31,0.275,-2.33,28.71,11.33,31.98
Stavropol Krai,2022,12,0.222,0.152,-0.49,19.89,8.04,30.22
Stavropol Krai,2023,1,0.213,0.152,-6.61,19.34,6.43,36.29
Stavropol Krai,2023,2,0.198,0.149,-5.09,27.42,7.67,35.99
Stavropol Krai,2023,3,0.187,0.155,2.24,32.44,12.3,35.77
Stavropol Krai,2023,4,0.391,0.291,9.87,53.04,14.58,39.85
Stavropol Krai,2023,5,0.514,0.418,9.85,55.26,19.09,42.31
Stavropol Krai,2023,6,0.684,0.554,17.78,59.55,24.42,45.71
Stavropol Krai,2023,7,0.694,0.542,19.45,60.9,25.5,45.92
Stavropol Krai,2023,8,0.643,0.518,17.26,45.84,22.74,44.88
Stavropol Krai,2023,9,0.494,0.422,11.87,32.82,18.08,41.92
Stavropol Krai,2023,10,0.318,0.251,6.96,36.88,14.16,38.39
Stavropol Krai,2023,11,0.306,0.264,1.92,33.83,10.54,38.16
Stavropol Krai,2023,12,0.267,0.242,-1.69,24.85,8.11,37.38
Saratov Oblast,2010,1,0.18,0.172,-4.54,21.07,5.52,45.36
Saratov Oblast,2010,2,0.231,0.194,-2.12,29.63,9.19,46.39
Saratov Oblast,2010,3,0.3,0.244,4.22,31.1,10.67,47.77
Saratov Oblast,2010,4,0.417,0.329,6.5,43.55,13.36,50.1
Saratov Oblast,2010,5,0.48,0.376,11.21,56.27,20.23,51.36
Saratov Oblast,2010,6,0.614,0.522,19.4,65.15,22.74,54.05
Saratov Oblast,2010,7,0.726,0.559,21.78,57.05,25.55,56.28
Saratov Oblast,2010,8,0.606,0.467,19.57,42.07,23.86,53.89
Saratov Oblast,2010,9,0.462,0.387,11.56,39.02,19.96,51.01
Saratov Oblast,2010,10,0.341,0.285,8.72,25.38,13.44,48.6
Saratov Oblast,2010,11,0.209,0.174,-0.8,23.76,10.01,45.95
Saratov Oblast,2010,12,0.242,0.188,-3.18,24.75,7.83,46.62
Saratov Oblast,2011,1,0.22,0.145,-4.43,26.35,4.98,45.88
Saratov Oblast,2011,2,0.215,0.171,-2.79,29.75,8.92,45.78
Saratov Oblast,2011,3,0.3,0.214,3.58,42.91,10.66,47.49
Saratov Oblast,2011,4,0.395,0.356,10.24,48.06,15.49,49.39
Saratov Oblast,2011,5,0.508,0.407,13.32,64.01,18.51,51.64
Saratov Oblast,2011,6,0.687,0.56,15.58,61.84,21.3,55.23
Saratov Oblast,2011,7,0.719,0.593,18.82,56.81,26.95,55.86
Saratov Oblast,2011,8,0.626,0.48,21.34,56.63,23.4,54.01
Saratov Oblast,2011,9,0.534,0.454,12.54,33.84,20.56,52.16
Saratov Oblast,2011,10,0.413,0.342,6.44,38.01,13.92,49.75
Saratov Oblast,2011,11,0.258,0.213,5.44,27.55,10.69,46.64
Saratov Oblast,2011,12,0.236,0.19,-1.4,8.45,7.19,46.21
Saratov Oblast,2012,1,0.171,0.145,-6.35,32.06,7.57,44.68
Saratov Oblast,2012,2,0.208,0.163,-2.67,25.82,7.69,45.42
Saratov Oblast,2012,3,0.245,0.173,3.58,39.41,9.47,46.16
Saratov Oblast,2012,4,0.389,0.299,8.7,50.91,14.41,49.05
Saratov Oblast,2012,5,0.517,0.403,13.63,55.16,18.58,51.6
Saratov Oblast,2012,6,0.636,0.478,17.4,58.58,23.14,53.98
Saratov Oblast,2012,7,0.693,0.553,20.96,60.57,24.35,55.12
Saratov Oblast,2012,8,0.605,0.463,17.4,45.05,22.63,53.37
Saratov Oblast,2012,9,0.464,0.362,14.38,39.24,18.77,50.55
Saratov Oblast,2012,10,0.35,0.261,8.13,23.83,15.02,48.26
Saratov Oblast,2012,11,0.214,0.164,2.94,24.2,12.96,45.55
Saratov Oblast,2012,12,0.232,0.166,-2.71,12.21,7.41,45.91
Saratov Oblast,2013,1,0.233,0.175,-6.17,20.11,7.73,42.7
Saratov Oblast,2013,2,0.212,0.207,-0.89,30.49,7.86,42.29
Saratov Oblast,2013,3,0.279,0.185,1.78,40.49,10.22,43.63
Saratov Oblast,2013,4,0.32,0.255,11.6,53.05,14.39,44.44
Saratov Oblast,2013,5,0.532,0.418,10.61,51.57,20.89,48.68
Saratov Oblast,2013,6,0.633,0.502,17.78,69.52,25.03,50.7
Saratov Oblast,2013,7,0.767,0.61,20.59,48.61,26.48,53.37
Saratov Oblast,2013,8,0.606,0.489,16.18,43.87,22.56,50.17
Saratov Oblast,2013,9,0.485,0.377,12.93,40.43,18.23,47.74
Saratov Oblast,2013,10,0.369,0.32,7.17,24.49,14.22,45.42
Saratov Oblast,2013,11,0.303,0.246,1.27,25.7,9.17,44.1
Saratov Oblast,2013,12,0.242,0.202,-3.14,16.9,6.6,42.89
Saratov Oblast,2014,1,0.242,0.181,-5.02,12.85,5.41,46.99
Saratov Oblast,2014,2,0.221,0.159,-4.39,24.74,7.78,46.57
Saratov Oblast,2014,3,0.262,0.165,-1.91,33.23,10.73,47.39
Saratov Oblast,2014,4,0.28,0.214,7.14,53.75,14.06,47.74
Saratov Oblast,2014,5,0.515,0.415,9.76,60.03,19.55,52.44
Saratov Oblast,2014,6,0.656,0.604,14.21,68.62,23.11,55.27
Saratov Oblast,2014,7,0.709,0.566,19.15,53.34,25.33,56.32
Saratov Oblast,2014,8,0.596,0.492,17.55,41.16,22.95,54.06
Saratov Oblast,2014,9,0.541,0.422,14.74,32.61,20.09,52.96
Saratov Oblast,2014,10,0.383,0.343,7.84,31.42,14.55,49.8
Saratov Oblast,2014,11,0.307,0.231,3.82,22.31,10.21,48.28
Saratov Oblast,2014,12,0.225,0.185,-2.75,22.17,9.07,46.64
Saratov Oblast,2015,1,0.232,0.176,-7.72,28.06,6.87,48.13
Saratov Oblast,2015,2,0.266,0.201,-2.98,19.88,7.1,48.82
Saratov Oblast,2015,3,0.298,0.229,3.61,35.31,10.6,49.45
Saratov Oblast,2015,4,0.328,0.264,2.21,45.88,12.82,50.05
Saratov Oblast,2015,5,0.539,0.447,14.96,63.8,18.38,54.29
Saratov Oblast,2015,6,0.694,0.574,17.91,65.68,22.29,57.37
Saratov Oblast,2015,7,0.675,0.528,18.94,50.91,26.22,57.0
Saratov Oblast,2015,8,0.633,0.514,17.24,37.71,23.67,56.17
Saratov Oblast,2015,9,0.446,0.355,11.29,46.2,20.24,52.41
Saratov Oblast,2015,10,0.365,0.318,6.5,30.79,14.65,50.81
Saratov Oblast,2015,11,0.276,0.246,3.8,24.73,8.62,49.01
Saratov Oblast,2015,12,0.193,0.152,-2.33,15.44,9.9,47.36
Saratov Oblast,2016,1,0.224,0.18,-6.36,18.52,6.07,49.56
Saratov Oblast,2016,2,0.23,0.159,-1.85,27.3,5.58,49.68
Saratov Oblast,2016,3,0.242,0.185,6.11,39.05,8.94,49.93
Saratov Oblast,2016,4,0.377,0.271,10.36,44.46,14.35,52.63
Saratov Oblast,2016,5,0.543,0.409,11.23,53.28,20.37,55.95
Saratov Oblast,2016,6,0.596,0.42,17.48,62.76,24.6,57.0
Saratov Oblast,2016,7,0.686,0.541,22.31,46.84,24.61,58.81
Saratov Oblast,2016,8,0.647,0.527,17.36,46.99,20.91,58.03
Saratov Oblast,2016,9,0.484,0.396,12.06,36.56,19.78,54.76
Saratov Oblast,2016,10,0.352,0.285,6.27,27.04,15.06,52.13
Saratov Oblast,2016,11,0.272,0.206,2.78,26.86,8.22,50.54
Saratov Oblast,2016,12,0.257,0.199,-1.67,27.08,6.12,50.22
Saratov Oblast,2017,1,0.197,0.142,-2.47,19.0,5.44,42.35
Saratov Oblast,2017,2,0.228,0.158,-3.31,29.66,7.16,42.97
Saratov Oblast,2017,3,0.265,0.201,-0.7,37.87,12.03,43.71
Saratov Oblast,2017,4,0.363,0.295,9.58,40.47,16.15,45.67
Saratov Oblast,2017,5,0.509,0.44,12.56,65.28,20.11,48.6
Saratov Oblast,2017,6,0.658,0.531,17.88,66.0,23.54,51.57
Saratov Oblast,2017,7,0.641,0.49,19.63,57.74,24.94,51.23
Saratov Oblast,2017,8,0.678,0.503,18.67,37.72,24.16,51.97
Saratov Oblast,2017,9,0.5,0.409,12.29,42.66,20.37,48.42
Saratov Oblast,2017,10,0.38,0.301,9.36,24.54,15.3,46.01
Saratov Oblast,2017,11,0.317,0.275,0.87,25.09,8.98,44.75
Saratov Oblast,2017,12,0.239,0.2,-6.26,15.28,7.21,43.19
Saratov Oblast,2018,1,0.169,0.143,-5.44,22.31,5.24,43.02
Saratov Oblast,2018,2,0.253,0.236,-3.49,25.02,7.98,44.71
Saratov Oblast,2018,3,0.257,0.203,3.81,26.72,11.59,44.78
Saratov Oblast,2018,4,0.365,0.283,8.02,46.62,12.72,46.93
Saratov Oblast,2018,5,0.548,0.439,14.91,60.95,18.31,50.6
Saratov Oblast,2018,6,0.655,0.519,20.07,49.36,23.3,52.75
Saratov Oblast,2018,7,0.682,0.554,20.94,52.66,24.29,53.28
Saratov Oblast,2018,8,0.638,0.492,20.06,44.97,20.49,52.4
Saratov Oblast,2018,9,0.492,0.373,10.76,30.08,19.44,49.48
Saratov Oblast,2018,10,0.402,0.328,6.98,30.36,13.99,47.68
Saratov Oblast,2018,11,0.247,0.174,-1.17,21.33,10.43,44.57
Saratov Oblast,2018,12,0.219,0.167,-4.41,24.13,6.17,44.02
Saratov Oblast,2019,1,0.175,0.125,-8.87,20.78,6.97,46.38
Saratov Oblast,2019,2,0.237,0.21,-1.48,22.56,7.16,47.62
Saratov Oblast,2019,3,0.244,0.222,-0.06,40.73,11.16,47.75
Saratov Oblast,2019,4,0.417,0.326,9.62,58.22,13.83,51.21
Saratov Oblast,2019,5,0.457,0.328,15.45,46.78,18.96,52.01
Saratov Oblast,2019,6,0.654,0.527,19.23,61.11,24.68,55.96
Saratov Oblast,2019,7,0.671,0.524,18.45,60.34,25.9,56.3
Saratov Oblast,2019,8,0.655,0.547,16.02,55.15,24.92,55.96
Saratov Oblast,2019,9,0.525,0.456,10.71,33.64,18.6,53.38
Saratov Oblast,2019,10,0.384,0.286,9.71,34.93,15.14,50.55
Saratov Oblast,2019,11,0.276,0.201,0.64,29.53,11.05,48.39
Saratov Oblast,2019,12,0.221,0.168,-6.57,15.74,9.4,47.28
Saratov Oblast,2020,1,0.211,0.189,-8.45,24.21,6.93,40.92
Saratov Oblast,2020,2,0.222,0.235,-5.86,33.37,7.32,41.15
Saratov Oblast,2020,3,0.291,0.241,0.87,37.41,8.41,42.52
Saratov Oblast,2020,4,0.38,0.31,9.47,52.1,14.81,44.31
Saratov Oblast,2020,5,0.508,0.389,12.6,62.13,20.77,46.85
Saratov Oblast,2020,6,0.634,0.508,16.57,65.86,24.07,49.38
Saratov Oblast,2020,7,0.758,0.589,19.24,57.35,25.65,51.86
Saratov Oblast,2020,8,0.635,0.49,20.14,50.42,22.48,49.39
Saratov Oblast,2020,9,0.544,0.459,14.29,36.66,19.88,47.58
Saratov Oblast,2020,10,0.336,0.27,3.89,32.46,12.89,43.43
Saratov Oblast,2020,11,0.313,0.244,1.91,20.14,9.98,42.95
Saratov Oblast,2020,12,0.265,0.162,0.03,22.78,6.28,41.99
Saratov Oblast,2021,1,0.256,0.186,-8.25,28.97,6.33,42.43
Saratov Oblast,2021,2,0.194,0.159,-4.57,33.58,8.55,41.19
Saratov Oblast,2021,3,0.284,0.234,5.86,36.26,9.09,42.99
Saratov Oblast,2021,4,0.376,0.342,6.17,45.01,14.86,44.83
Saratov Oblast,2021,5,0.502,0.382,16.27,67.79,19.53,47.35
Saratov Oblast,2021,6,0.614,0.46,18.89,65.52,23.88,49.6
Saratov Oblast,2021,7,0.7,0.548,17.82,60.37,25.91,51.31
Saratov Oblast,2021,8,0.595,0.508,19.53,53.81,22.06,49.21
Saratov Oblast,2021,9,0.462,0.367,15.03,45.24,20.04,46.56
Saratov Oblast,2021,10,0.355,0.264,10.66,23.25,16.08,44.42
Saratov Oblast,2021,11,0.259,0.239,3.69,22.6,9.75,42.5
Saratov Oblast,2021,12,0.212,0.178,-2.37,18.12,7.32,41.55
Saratov Oblast,2022,1,0.142,0.123,-7.9,17.52,4.31,43.61
Saratov Oblast,2022,2,0.168,0.107,-3.94,37.84,6.96,44.14
Saratov Oblast,2022,3,0.273,0.226,2.6,35.88,9.08,46.24
Saratov Oblast,2022,4,0.406,0.361,4.83,41.69,14.17,48.89
Saratov Oblast,2022,5,0.474,0.39,12.57,67.02,20.52,50.26
Saratov Oblast,2022,6,0.648,0.539,20.59,57.18,22.58,53.73
Saratov Oblast,2022,7,0.702,0.579,20.28,48.31,24.2,54.82
Saratov Oblast,2022,8,0.639,0.51,22.32,39.88,23.91,53.56
Saratov Oblast,2022,9,0.548,0.484,13.21,38.72,19.9,51.73
Saratov Oblast,2022,10,0.368,0.293,9.07,15.41,15.13,48.14
Saratov Oblast,2022,11,0.271,0.213,6.43,19.91,9.87,46.21
Saratov Oblast,2022,12,0.282,0.209,-3.62,20.36,8.33,46.41
Saratov Oblast,2023,1,0.167,0.123,-7.15,22.9,6.42,44.5
Saratov Oblast,2023,2,0.235,0.152,-0.39,29.34,8.87,45.85
Saratov Oblast,2023,3,0.281,0.247,3.27,42.99,10.79,46.78
Saratov Oblast,2023,4,0.359,0.333,9.97,49.68,13.17,48.35
Saratov Oblast,2023,5,0.465,0.378,14.31,53.12,19.47,50.46
Saratov Oblast,2023,6,0.689,0.565,16.1,59.44,22.6,54.94
Saratov Oblast,2023,7,0.688,0.542,19.04,49.92,24.87,54.93
Saratov Oblast,2023,8,0.624,0.441,22.48,52.26,23.02,53.65
Saratov Oblast,2023,9,0.504,0.38,17.41,45.75,19.49,51.24
Saratov Oblast,2023,10,0.393,0.318,5.52,26.02,14.58,49.02
Saratov Oblast,2023,11,0.254,0.199,2.15,22.88,10.32,46.24
Saratov Oblast,2023,12,0.19,0.138,-5.09,25.98,5.38,44.97
Altai Krai,2010,1,0.259,0.154,-6.59,23.84,6.5,29.14
Altai Krai,2010,2,0.194,0.178,-5.31,25.25,8.11,27.85
Altai Krai,2010,3,0.299,0.211,7.62,31.78,8.96,29.94
Altai Krai,2010,4,0.377,0.295,7.2,49.79,12.92,31.51
Altai Krai,2010,5,0.452,0.35,16.18,53.42,20.93,33.01
Altai Krai,2010,6,0.677,0.547,19.06,61.41,23.56,37.51
Altai Krai,2010,7,0.689,0.546,17.86,45.14,26.1,37.74
Altai Krai,2010,8,0.646,0.517,19.18,42.67,22.4,36.88
Altai Krai,2010,9,0.495,0.423,11.68,23.13,18.81,33.86
Altai Krai,2010,10,0.397,0.283,5.84,29.39,17.02,31.89
Altai Krai,2010,11,0.227,0.154,3.01,29.31,9.65,28.5
Altai Krai,2010,12,0.173,0.147,-1.29,29.99,8.15,27.43
Altai Krai,2011,1,0.198,0.207,-6.74,20.22,7.81,33.74
Altai Krai,2011,2,0.178,0.105,-2.28,28.07,7.26,33.34
Altai Krai,2011,3,0.297,0.22,2.46,34.46,9.38,35.74
Altai Krai,2011,4,0.36,0.305,12.44,49.71,11.94,37.0
Altai Krai,2011,5,0.502,0.403,15.89,57.12,20.58,39.83
Altai Krai,2011,6,0.653,0.554,17.5,60.72,24.23,42.85
Altai Krai,2011,7,0.683,0.53,18.74,52.45,25.52,43.44
Altai Krai,2011,8,0.586,0.438,22.1,43.19,23.6,41.51
Altai Krai,2011,9,0.459,0.369,12.58,28.45,20.67,38.96
Altai Krai,2011,10,0.398,0.316,10.19,37.59,15.2,37.74
Altai Krai,2011,11,0.282,0.23,3.63,21.46,10.0,35.43
Altai Krai,2011,12,0.235,0.179,-3.25,21.09,8.64,34.5
Altai Krai,2012,1,0.228,0.198,-4.37,19.25,4.3,28.47
Altai Krai,2012,2,0.239,0.195,-0.51,24.57,8.25,28.68
Altai Krai,2012,3,0.299,0.238,3.17,38.17,9.45,29.89
Altai Krai,2012,4,0.378,0.335,8.24,39.51,13.76,31.47
Altai Krai,2012,5,0.45,0.386,15.55,53.69,17.91,32.9
Altai Krai,2012,6,0.616,0.48,18.6,60.38,24.74,36.23
Altai Krai,2012,7,0.679,0.513,17.69,56.08,24.27,37.49
Altai Krai,2012,8,0.632,0.497,20.36,43.88,23.02,36.55
Altai Krai,2012,9,0.525,0.409,14.87,37.92,19.47,34.4
Altai Krai,2012,10,0.328,0.287,12.64,28.12,13.4,30.47
Altai Krai,2012,11,0.269,0.235,1.1,22.64,10.61,29.28
Altai Krai,2012,12,0.258,0.222,-0.89,18.96,7.89,29.07
Altai Krai,2013,1,0.231,0.208,-4.83,21.45,5.79,29.76
Altai Krai,2013,2,0.276,0.214,-0.42,29.77,7.16,30.66
Altai Krai,2013,3,0.227,0.186,2.52,45.3,9.41,29.68
Altai Krai,2013,4,0.431,0.353,8.95,43.85,14.76,33.76
Altai Krai,2013,5,0.517,0.433,12.07,63.23,19.69,35.49
Altai Krai,2013,6,0.659,0.523,16.52,60.36,23.59,38.33
Altai Krai,2013,7,0.658,0.543,21.99,52.55,23.98,38.31
Altai Krai,2013,8,0.632,0.506,17.85,46.51,23.62,37.78
Altai Krai,2013,9,0.462,0.345,8.58,40.98,19.35,34.38
Altai Krai,2013,10,0.394,0.292,8.24,29.15,13.89,33.01
Altai Krai,2013,11,0.221,0.212,5.13,21.37,10.78,29.56
Altai Krai,2013,12,0.207,0.146,1.14,12.82,7.2,29.29
Altai Krai,2014,1,0.255,0.222,-9.28,23.27,6.02,32.66
Altai Krai,2014,2,0.215,0.184,-5.34,26.03,7.97,31.86
Altai Krai,2014,3,0.288,0.233,1.76,35.66,11.01,33.32
Altai Krai,2014,4,0.363,0.27,5.73,39.36,15.9,34.82
Altai Krai,2014,5,0.527,0.42,13.11,53.32,20.42,38.11
Altai Krai,2014,6,0.698,0.547,20.66,60.14,23.19,41.52
Altai Krai,2014,7,0.745,0.596,20.59,57.43,23.37,42.46
Altai Krai,2014,8,0.65,0.509,15.54,44.23,22.88,40.55
Altai Krai,2014,9,0.534,0.406,12.44,37.44,18.0,38.24
Altai Krai,2014,10,0.343,0.241,10.04,26.57,14.43,34.41
Altai Krai,2014,11,0.295,0.222,1.71,18.0,9.21,33.46
Altai Krai,2014,12,0.194,0.146,-3.29,22.54,6.6,31.44
Altai Krai,2015,1,0.22,0.167,-7.55,23.71,5.79,32.66
Altai Krai,2015,2,0.229,0.214,-2.38,24.88,6.6,32.83
Altai Krai,2015,3,0.242,0.164,4.2,25.1,10.76,33.1
Altai Krai,2015,4,0.336,0.259,6.4,54.04,14.46,34.99
Altai Krai,2015,5,0.527,0.448,14.35,50.22,19.11,38.8
Altai Krai,2015,6,0.619,0.485,18.19,59.33,23.81,40.64
Altai Krai,2015,7,0.717,0.571,20.81,53.45,26.31,42.6
Altai Krai,2015,8,0.624,0.523,15.43,44.91,23.07,40.75
Altai Krai,2015,9,0.512,0.427,11.52,30.72,17.93,38.49
Altai Krai,2015,10,0.402,0.327,6.03,25.86,15.63,36.3
Altai Krai,2015,11,0.259,0.201,0.77,18.16,11.46,33.45
Altai Krai,2015,12,0.272,0.198,0.29,18.66,8.02,33.71
Altai Krai,2016,1,0.201,0.154,-4.34,17.73,7.14,35.56
Altai Krai,2016,2,0.226,0.169,-3.73,21.16,6.95,36.06
Altai Krai,2016,3,0.26,0.187,2.24,38.63,10.06,36.73
Altai Krai,2016,4,0.382,0.29,10.2,47.42,15.99,39.18
Altai Krai,2016,5,0.576,0.451,13.16,54.96,19.93,43.05
Altai Krai,2016,6,0.681,0.532,19.14,59.32,24.02,45.15
Altai Krai,2016,7,0.745,0.591,16.66,59.91,24.17,46.44
Altai Krai,2016,8,0.637,0.525,18.97,46.3,22.83,44.27
Altai Krai,2016,9,0.416,0.347,13.52,43.83,19.73,39.86
Altai Krai,2016,10,0.346,0.298,10.5,26.98,15.64,38.46
Altai Krai,2016,11,0.251,0.204,3.48,27.21,10.89,36.55
Altai Krai,2016,12,0.212,0.191,-2.77,18.25,6.94,35.77
Altai Krai,2017,1,0.183,0.172,-8.21,25.72,6.29,36.79
Altai Krai,2017,2,0.271,0.203,-4.38,27.49,9.16,38.53
Altai Krai,2017,3,0.241,0.141,2.45,41.01,9.26,37.95
Altai Krai,2017,4,0.388,0.289,7.9,50.58,13.26,40.88
Altai Krai,2017,5,0.509,0.431,14.97,52.59,20.85,43.3
Altai Krai,2017,6,0.661,0.492,20.11,57.14,23.6,46.34
Altai Krai,2017,7,0.73,0.573,16.71,63.72,26.16,47.73
Altai Krai,2017,8,0.639,0.528,17.64,47.3,23.26,45.9
Altai Krai,2017,9,0.493,0.402,11.61,35.0,19.65,42.99
Altai Krai,2017,10,0.417,0.311,9.24,31.23,12.57,41.47
Altai Krai,2017,11,0.28,0.242,3.51,22.86,10.61,38.72
Altai Krai,2017,12,0.227,0.148,-2.13,19.26,6.79,37.66
Altai Krai,2018,1,0.243,0.172,-5.25,30.57,4.5,39.62
Altai Krai,2018,2,0.224,0.182,-5.07,29.97,8.61,39.24
Altai Krai,2018,3,0.313,0.245,7.34,25.97,10.63,41.02
Altai Krai,2018,4,0.32,0.258,7.15,49.35,14.32,41.16
Altai Krai,2018,5,0.478,0.368,17.89,58.41,17.63,44.33
Altai Krai,2018,6,0.658,0.522,18.39,64.1,24.58,47.91
Altai Krai,2018,7,0.674,0.539,18.91,59.18,24.77,48.24
Altai Krai,2018,8,0.642,0.508,18.17,55.34,25.79,47.6
Altai Krai,2018,9,0.515,0.41,10.83,32.46,19.2,45.05
Altai Krai,2018,10,0.341,0.261,11.35,28.22,14.57,41.58
Altai Krai,2018,11,0.247,0.222,1.91,20.68,8.69,39.71
Altai Krai,2018,12,0.22,0.165,0.85,30.31,6.26,39.16
Altai Krai,2019,1,0.197,0.141,-5.51,21.65,6.28,27.88
Altai Krai,2019,2,0.252,0.181,-0.53,24.43,9.64,28.99
Altai Krai,2019,3,0.316,0.251,0.41,30.49,11.15,30.26
Altai Krai,2019,4,0.361,0.308,12.6,42.96,13.22,31.16
Altai Krai,2019,5,0.509,0.43,12.14,56.37,20.7,34.12
Altai Krai,2019,6,0.592,0.479,17.3,60.62,24.11,35.78
Altai Krai,2019,7,0.707,0.545,19.0,63.33,25.33,38.07
Altai Krai,2019,8,0.666,0.538,20.0,44.83,22.63,37.27
Altai Krai,2019,9,0.526,0.443,12.19,33.38,19.17,34.46
Altai Krai,2019,10,0.411,0.34,5.55,27.61,14.2,32.15
Altai Krai,2019,11,0.232,0.184,1.75,21.48,9.86,28.59
Altai Krai,2019,12,0.266,0.206,-2.42,20.8,6.99,29.26
Altai Krai,2020,1,0.208,0.168,-7.66,22.25,6.76,31.69
Altai Krai,2020,2,0.217,0.176,-2.19,30.16,8.05,31.87
Altai Krai,2020,3,0.262,0.192,-0.1,41.35,11.04,32.79
Altai Krai,2020,4,0.382,0.322,7.87,43.69,13.47,35.18
Altai Krai,2020,5,0.471,0.401,13.04,61.47,19.14,36.95
Altai Krai,2020,6,0.621,0.475,17.2,67.09,22.32,39.96
Altai Krai,2020,7,0.764,0.594,21.5,55.47,24.68,42.81
Altai Krai,2020,8,0.603,0.481,16.06,38.4,23.52,39.6
Altai Krai,2020,9,0.484,0.421,16.02,44.75,18.65,37.23
Altai Krai,2020,10,0.366,0.241,7.63,28.57,14.6,34.87
Altai Krai,2020,11,0.266,0.214,-3.09,24.56,10.76,32.87
Altai Krai,2020,12,0.262,0.217,-2.78,26.62,5.13,32.78
Altai Krai,2021,1,0.183,0.145,-10.34,29.88,5.75,29.41
Altai Krai,2021,2,0.232,0.19,0.01,18.77,7.6,30.39
Altai Krai,2021,3,0.302,0.24,0.43,33.24,9.88,31.8
Altai Krai,2021,4,0.341,0.269,11.21,43.83,13.96,32.57
Altai Krai,2021,5,0.517,0.41,11.36,55.89,19.23,36.1
Altai Krai,2021,6,0.671,0.517,20.34,59.51,22.29,39.17
Altai Krai,2021,7,0.661,0.567,19.68,60.88,23.29,38.97
Altai Krai,2021,8,0.72,0.594,17.87,45.28,24.14,40.17
Altai Krai,2021,9,0.524,0.423,14.04,39.07,17.59,36.23
Altai Krai,2021,10,0.351,0.248,9.41,24.7,12.88,32.78
Altai Krai,2021,11,0.244,0.198,1.92,17.42,8.57,30.63
Altai Krai,2021,12,0.224,0.168,-3.04,20.29,7.92,30.24
Altai Krai,2022,1,0.21,0.162,-5.89,21.59,4.35,34.04
Altai Krai,2022,2,0.255,0.222,1.46,39.48,6.31,34.94
Altai Krai,2022,3,0.258,0.256,2.25,37.48,8.75,35.0
Altai Krai,2022,4,0.367,0.332,10.77,43.76,14.05,37.18
Altai Krai,2022,5,0.469,0.358,10.2,55.77,20.84,39.23
Altai Krai,2022,6,0.652,0.549,20.53,57.27,22.64,42.88
Altai Krai,2022,7,0.678,0.508,20.06,41.67,25.59,43.41
Altai Krai,2022,8,0.643,0.524,20.49,47.81,25.03,42.71
Altai Krai,2022,9,0.522,0.402,13.55,24.96,18.43,40.28
Altai Krai,2022,10,0.351,0.292,6.7,21.84,12.56,36.86
Altai Krai,2022,11,0.25,0.239,2.88,27.98,9.37,34.84
Altai Krai,2022,12,0.175,0.115,-2.71,11.12,6.48,33.34
Altai Krai,2023,1,0.166,0.09,-5.36,23.51,6.77,28.86
Altai Krai,2023,2,0.189,0.166,0.54,29.39,6.88,29.32
Altai Krai,2023,3,0.272,0.204,0.68,39.68,10.13,30.98
Altai Krai,2023,4,0.398,0.31,7.51,43.98,13.33,33.51
Altai Krai,2023,5,0.528,0.466,13.26,52.79,18.59,36.1
Altai Krai,2023,6,0.621,0.53,16.94,57.07,22.16,37.96
Altai Krai,2023,7,0.709,0.566,17.73,51.73,26.53,39.72
Altai Krai,2023,8,0.642,0.516,18.59,53.79,22.36,38.39
Altai Krai,2023,9,0.491,0.39,10.58,31.68,20.38,35.37
Altai Krai,2023,10,0.385,0.327,7.02,25.75,12.66,33.25
Altai Krai,2023,11,0.296,0.258,4.5,31.3,10.69,31.46
Altai Krai,2023,12,0.269,0.211,-6.05,25.4,5.69,30.92
